column_name,column_type,null,key,default,extra
DT_GERACAO,VARCHAR,YES,,,
HH_GERACAO,VARCHAR,YES,,,
ANO_ELEICAO,VARCHAR,YES,,,
CD_TIPO_ELEICAO,VARCHAR,YES,,,
NM_TIPO_ELEICAO,VARCHAR,YES,,,
NR_TURNO,VARCHAR,YES,,,
CD_ELEICAO,VARCHAR,YES,,,
DS_ELEICAO,VARCHAR,YES,,,
DT_ELEICAO,VARCHAR,YES,,,
TP_ABRANGENCIA,VARCHAR,YES,,,
SG_UF,VARCHAR,YES,,,
SG_UE,VARCHAR,YES,,,
NM_UE,VARCHAR,YES,,,
CD_CARGO,VARCHAR,YES,,,
DS_CARGO,VARCHAR,YES,,,
SQ_CANDIDATO,VARCHAR,YES,,,
NR_CANDIDATO,VARCHAR,YES,,,
NM_CANDIDATO,VARCHAR,YES,,,
NM_URNA_CANDIDATO,VARCHAR,YES,,,
NM_SOCIAL_CANDIDATO,VARCHAR,YES,,,
NR_CPF_CANDIDATO,VARCHAR,YES,,,
NM_EMAIL,VARCHAR,YES,,,
CD_SITUACAO_CANDIDATURA,VARCHAR,YES,,,
DS_SITUACAO_CANDIDATURA,VARCHAR,YES,,,
CD_DETALHE_SITUACAO_CAND,VARCHAR,YES,,,
DS_DETALHE_SITUACAO_CAND,VARCHAR,YES,,,
TP_AGREMIACAO,VARCHAR,YES,,,
NR_PARTIDO,VARCHAR,YES,,,
SG_PARTIDO,VARCHAR,YES,,,
NM_PARTIDO,VARCHAR,YES,,,
SQ_COLIGACAO,VARCHAR,YES,,,
NM_COLIGACAO,VARCHAR,YES,,,
DS_COMPOSICAO_COLIGACAO,VARCHAR,YES,,,
CD_NACIONALIDADE,VARCHAR,YES,,,
DS_NACIONALIDADE,VARCHAR,YES,,,
SG_UF_NASCIMENTO,VARCHAR,YES,,,
CD_MUNICIPIO_NASCIMENTO,VARCHAR,YES,,,
NM_MUNICIPIO_NASCIMENTO,VARCHAR,YES,,,
DT_NASCIMENTO,VARCHAR,YES,,,
NR_IDADE_DATA_POSSE,VARCHAR,YES,,,
NR_TITULO_ELEITORAL_CANDIDATO,VARCHAR,YES,,,
CD_GENERO,VARCHAR,YES,,,
DS_GENERO,VARCHAR,YES,,,
CD_GRAU_INSTRUCAO,VARCHAR,YES,,,
DS_GRAU_INSTRUCAO,VARCHAR,YES,,,
CD_ESTADO_CIVIL,VARCHAR,YES,,,
DS_ESTADO_CIVIL,VARCHAR,YES,,,
CD_COR_RACA,VARCHAR,YES,,,
DS_COR_RACA,VARCHAR,YES,,,
CD_OCUPACAO,VARCHAR,YES,,,
DS_OCUPACAO,VARCHAR,YES,,,
VR_DESPESA_MAX_CAMPANHA,VARCHAR,YES,,,
CD_SIT_TOT_TURNO,VARCHAR,YES,,,
DS_SIT_TOT_TURNO,VARCHAR,YES,,,
ST_REELEICAO,VARCHAR,YES,,,
ST_DECLARAR_BENS,VARCHAR,YES,,,
NR_PROTOCOLO_CANDIDATURA,VARCHAR,YES,,,
NR_PROCESSO,VARCHAR,YES,,,
CD_SITUACAO_CANDIDATO_PLEITO,VARCHAR,YES,,,
DS_SITUACAO_CANDIDATO_PLEITO,VARCHAR,YES,,,
CD_SITUACAO_CANDIDATO_URNA,VARCHAR,YES,,,
DS_SITUACAO_CANDIDATO_URNA,VARCHAR,YES,,,
ST_CANDIDATO_INSERIDO_URNA,VARCHAR,YES,,,
DS_EMAIL,VARCHAR,YES,,,
NR_FEDERACAO,VARCHAR,YES,,,
NM_FEDERACAO,VARCHAR,YES,,,
SG_FEDERACAO,VARCHAR,YES,,,
DS_COMPOSICAO_FEDERACAO,VARCHAR,YES,,,
NM_TIPO_DESTINACAO_VOTOS,VARCHAR,YES,,,
CD_SITUACAO_CANDIDATO_TOT,VARCHAR,YES,,,
DS_SITUACAO_CANDIDATO_TOT,VARCHAR,YES,,,
ST_PREST_CONTAS,VARCHAR,YES,,,
ST_SUBSTITUIDO,VARCHAR,YES,,,
SQ_SUBSTITUIDO,VARCHAR,YES,,,
SQ_ORDEM_SUPLENCIA,VARCHAR,YES,,,
DT_ACEITE_CANDIDATURA,VARCHAR,YES,,,
filename,VARCHAR,YES,,,
